Camera,Price,Screen,Performance,Battery,Software,Service
camera,price,screen,fast,battery life,android,service
pictures,value,size,performance,battery,apps,support
photos,money,display,smooth,battery backup,software,return
picture,worth,screen size,speed,battery power,updates,returned
cameras,deal,bright,processor,mah battery,app,help
video,cost,big screen,quick,batteries,change,replacement
photo,affordable,screen resolution,power,battery drain,update,customer service
images,budget,touch screen,slow,battery capacity,ios,helped
image,sale,touchscreen,lag,battery 4000mah,security,returning
image quality,cheap,lcd,smoothly,all-day battery,updated,supports
selfie camera,cheaper,screen res,seamless,4000mah battery,changed,supported
rear camera,price point,,smoother,battery pack,interface,services
camera lens,paid,,lags,battery's,changes,helping
camera phone,offers,,processing power,5000mah battery,changing,refund
google camera,offer,,laggy,batteryread,updating,refunded
camera sensor,paying,,sluggish,battery charging,glitches,customer care
auto-focus,priced,,processors,3000 mah battery,user experience,refunding
mega pixel camera,discount,,processing speed,battery-4,user interface,returns
front-facing camera,big deal,,processor speed,battery:charges,glitch,customer services
camera shutter,deals,,,battery charger,bug,
image size,price tag,,,,patch,
image resolution,offered,,,,updated version,
,prices,,,,firmware,
,costs,,,,,
,payment,,,,,
,pricing,,,,,
,discounts,,,,,
,promotions,,,,,
,freebies,,,,,
,cost effective,,,,,
,budget range,,,,,
,price level,,,,,